{
  "quizzes": [
    {
      "gameId": "1",
      "gameName": "Fortnite",
      "questions": [
        {
          "question": "Wie is de ontwikkelaar van Fortnite?",
          "options": [
            "Epic Games",
            "Electronic Arts",
            "Ubisoft",
            "Activision"
          ],
          "correctAnswer": 0
        },
        {
          "question": "Wat is de maximale hoeveelheid spelers in een standaard Fortnite Battle Royale match?",
          "options": [
            "50 spelers",
            "75 spelers",
            "100 spelers",
            "150 spelers"
          ],
          "correctAnswer": 2
        },
        {
          "question": "Welk materiaal is NIET beschikbaar om mee te bouwen in Fortnite?",
          "options": [
            "Hout",
            "Baksteen",
            "Metaal",
            "Glas"
          ],
          "correctAnswer": 3
        }
      ]
    },
    {
      "gameId": "2",
      "gameName": "Elden Ring",
      "questions": [
        {
          "question": "Wie is de regisseur van Elden Ring?",
          "options": [
            "Hidetaka Miyazaki",
            "Shigeru Miyamoto",
            "Hideo Kojima",
            "Todd Howard"
          ],
          "correctAnswer": 0
        },
        {
          "question": "Welk element is NIET een belangrijk onderdeel van Elden Ring's gameplay?",
          "options": [
            "Souls-achtige gevechten",
            "Open wereld exploratie",
            "Real-time strategie",
            "Karakterontwikkeling"
          ],
          "correctAnswer": 2
        },
        {
          "question": "Wat is de naam van de wereld waarin Elden Ring zich afspeelt?",
          "options": [
            "The Lands Between",
            "The Dark World",
            "The Eternal Realm",
            "The Forbidden Lands"
          ],
          "correctAnswer": 0
        }
      ]
    },
    {
      "gameId": "3",
      "gameName": "The Last of Us",
      "questions": [
        {
          "question": "Wat is de naam van het meisje dat Joel moet beschermen?",
          "options": [
            "Sarah",
            "Ellie",
            "Tess",
            "Marlene"
          ],
          "correctAnswer": 1
        },
        {
          "question": "Wat veroorzaakt de zombie-achtige infectie in The Last of Us?",
          "options": [
            "Een virus",
            "Een schimmel",
            "Een bacterie",
            "Een parasiet"
          ],
          "correctAnswer": 1
        },
        {
          "question": "In welk jaar speelt het verhaal van The Last of Us zich af?",
          "options": [
            "2013",
            "2020",
            "2033",
            "2045"
          ],
          "correctAnswer": 2
        }
      ]
    },
    {
      "gameId": "4",
      "gameName": "The Last of Us Part II",
      "questions": [
        {
          "question": "In welke stad speelt het begin van The Last of Us Part II zich af?",
          "options": [
            "Boston",
            "Seattle",
            "Jackson",
            "Pittsburgh"
          ],
          "correctAnswer": 2
        },
        {
          "question": "Wie is de nieuwe speelbare hoofdpersoon in The Last of Us Part II?",
          "options": [
            "Joel",
            "Abby",
            "Tommy",
            "Dina"
          ],
          "correctAnswer": 1
        },
        {
          "question": "Welk wapen is NIET beschikbaar in The Last of Us Part II?",
          "options": [
            "Bow and Arrow",
            "Shotgun",
            "Lightsaber",
            "Pistol"
          ],
          "correctAnswer": 2
        }
      ]
    },
    {
      "gameId": "5",
      "gameName": "God of War (2018)",
      "questions": [
        {
          "question": "Wat is de naam van Kratos' zoon in God of War (2018)?",
          "options": [
            "Atreus",
            "Baldur",
            "Thor",
            "Odin"
          ],
          "correctAnswer": 0
        },
        {
          "question": "Uit welke mythologie komt God of War (2018)?",
          "options": [
            "Griekse mythologie",
            "Egyptische mythologie",
            "Noorse mythologie",
            "Romeinse mythologie"
          ],
          "correctAnswer": 2
        },
        {
          "question": "Wat is de naam van Kratos' nieuwe wapen in God of War (2018)?",
          "options": [
            "Blades of Chaos",
            "Leviathan Axe",
            "Mjolnir",
            "Excalibur"
          ],
          "correctAnswer": 1
        }
      ]
    },
    {
      "gameId": "6",
      "gameName": "God of War Ragnarök",
      "questions": [
        {
          "question": "Wat is Ragnarök in de Noorse mythologie?",
          "options": [
            "Een god",
            "Een wapen",
            "Het einde van de wereld",
            "Een koninkrijk"
          ],
          "correctAnswer": 2
        },
        {
          "question": "Wie is de belangrijkste antagonist in God of War Ragnarök?",
          "options": [
            "Thor",
            "Odin",
            "Freya",
            "Tyr"
          ],
          "correctAnswer": 1
        },
        {
          "question": "Welk nieuw wapen krijgt Kratos in Ragnarök?",
          "options": [
            "Leviathan Axe",
            "Blades of Chaos",
            "Draupnir Spear",
            "Mjolnir"
          ],
          "correctAnswer": 2
        }
      ]
    },
    {
      "gameId": "7",
      "gameName": "Expedition 33",
      "questions": [
        {
          "question": "Wat is het hoofddoel van Expedition 33?",
          "options": [
            "Ruimteoorlog simuleren",
            "ISS simuleren",
            "Mars koloniseren",
            "Aliens bestrijden"
          ],
          "correctAnswer": 1
        },
        {
          "question": "Welk type game is Expedition 33?",
          "options": [
            "First-person shooter",
            "Simulatie",
            "RPG",
            "Racing"
          ],
          "correctAnswer": 1
        },
        {
          "question": "Op welk platform is Expedition 33 exclusief beschikbaar?",
          "options": [
            "PlayStation",
            "Xbox",
            "PC",
            "Nintendo Switch"
          ],
          "correctAnswer": 2
        }
      ]
    },
    {
      "gameId": "9",
      "gameName": "Uncharted: Drake's Fortune",
      "questions": [
        {
          "question": "Wat is de naam van de hoofdpersoon in Uncharted?",
          "options": [
            "Nathan Drake",
            "Victor Sullivan",
            "Elena Fisher",
            "Sam Drake"
          ],
          "correctAnswer": 0
        },
        {
          "question": "Naar welke verloren stad is Nathan Drake op zoek in het eerste spel?",
          "options": [
            "Atlantis",
            "El Dorado",
            "Shambhala",
            "Iram"
          ],
          "correctAnswer": 1
        },
        {
          "question": "Wie is Nathan's mentor in het spel?",
          "options": [
            "Sam Drake",
            "Victor Sullivan",
            "Rafe Adler",
            "Charlie Cutter"
          ],
          "correctAnswer": 1
        }
      ]
    },
    {
      "gameId": "18",
      "gameName": "Uncharted 2: Among Thieves",
      "questions": [
        {
          "question": "In welk land begint Uncharted 2?",
          "options": [
            "Nepal",
            "India",
            "Tibet",
            "China"
          ],
          "correctAnswer": 0
        },
        {
          "question": "Wat is de naam van de verloren stad in Uncharted 2?",
          "options": [
            "El Dorado",
            "Shambhala",
            "Iram",
            "Atlantis"
          ],
          "correctAnswer": 1
        },
        {
          "question": "Wie is de nieuwe bondgenoot die Nathan ontmoet in Uncharted 2?",
          "options": [
            "Elena Fisher",
            "Chloe Frazer",
            "Nadine Ross",
            "Rika Raja"
          ],
          "correctAnswer": 1
        }
      ]
    },
    {
      "gameId": "19",
      "gameName": "Uncharted 3: Drake's Deception",
      "questions": [
        {
          "question": "Naar welke verloren stad is Nathan op zoek in Uncharted 3?",
          "options": [
            "El Dorado",
            "Shambhala",
            "Iram",
            "Atlantis"
          ],
          "correctAnswer": 2
        },
        {
          "question": "Wie is de nieuwe antagonist in Uncharted 3?",
          "options": [
            "Zoran Lazarevic",
            "Harry Flynn",
            "Katherine Marlowe",
            "Rafe Adler"
          ],
          "correctAnswer": 2
        },
        {
          "question": "In welk land speelt een groot deel van Uncharted 3 zich af?",
          "options": [
            "India",
            "Nepal",
            "Yemen",
            "Syrië"
          ],
          "correctAnswer": 2
        }
      ]
    },
    {
      "gameId": "20",
      "gameName": "Uncharted 4: A Thief's End",
      "questions": [
        {
          "question": "Wie keert terug in Nathan's leven in Uncharted 4?",
          "options": [
            "Victor Sullivan",
            "Elena Fisher",
            "Sam Drake",
            "Chloe Frazer"
          ],
          "correctAnswer": 2
        },
        {
          "question": "Naar welke verloren schat zijn de broers Drake op zoek?",
          "options": [
            "El Dorado",
            "Shambhala",
            "Libertalia",
            "Iram"
          ],
          "correctAnswer": 2
        },
        {
          "question": "Wie is de nieuwe antagonist in Uncharted 4?",
          "options": [
            "Katherine Marlowe",
            "Zoran Lazarevic",
            "Rafe Adler",
            "Nadine Ross"
          ],
          "correctAnswer": 2
        }
      ]
    }
  ]
} 