[
  {
    "id": "1",
    "name": "Fortnite",
    "image": "/images/fortnite.jpg",
    "category": "Battle Royale",
    "rating": 4.5,
    "description": "Fortnite is een populaire battle royale-game ontwikkeld door Epic Games. Spelers strijden tegen elkaar tot er één winnaar overblijft.",
    "details": {
      "over": "Fortnite speelt zich af in een kleurrijke wereld waar 100 spelers tegen elkaar strijden in een battle royale-modus.",
      "gameplay": "Je verzamelt materialen, bouwt structuren en vecht om als laatste over te blijven.",
      "leeftijd": "12+"
    },
    "maker": "Epic Games",
    "releaseDate": "2017-07-25",
    "platforms": ["PC", "PlayStation", "Xbox", "Nintendo Switch", "Mobile"],
    "multiplayer": true,
    "price": "Gratis (met in-game aankopen)",
    "extendedGameplay": "Fortnite combineert snelle bouwmechanieken met shooter-elementen en biedt regelmatig seizoensgebonden evenementen en samenwerkingen met bekende franchises.",
    "trailerEmbed": "<iframe width=\"1236\" height=\"695\" src=\"https://www.youtube.com/embed/iDzAmxY2i6Q\" title=\"Fortnite Galactic Battle Cinematic Trailer\" frameborder=\"0\" allow=\"accelerometer; autoplay; clipboard-write; encrypted-media; gyroscope; picture-in-picture; web-share\" referrerpolicy=\"strict-origin-when-cross-origin\" allowfullscreen></iframe>"
  },
  {
    "id": "2",
    "name": "Elden Ring",
    "image": "/images/eldenring.jpg",
    "category": "RPG",
    "rating": 4.8,
    "description": "Elden Ring is een open-wereld fantasy-RPG van FromSoftware. Bekend om zijn uitdagende gameplay en diepe lore.",
    "details": {
      "over": "Een epische RPG waarin je een uitgestrekte wereld verkent vol mysterie en gevaar.",
      "gameplay": "Strategische gevechten, karakterontwikkeling en ontdekking van verhalen.",
      "leeftijd": "18+"
    },
    "maker": "FromSoftware",
    "releaseDate": "2022-02-25",
    "platforms": ["PC", "PlayStation", "Xbox"],
    "multiplayer": true,
    "price": "€59,99",
    "extendedGameplay": "Elden Ring biedt een open wereld met vrije verkenning, uitdagende baasgevechten en diepe customization van je personage. Multiplayer laat spelers samenwerken of elkaar uitdagen.",
    "trailerEmbed": "<iframe width=\"1236\" height=\"695\" src=\"https://www.youtube.com/embed/E3Huy2cdih0\" title=\"ELDEN RING - Official Gameplay Reveal\" frameborder=\"0\" allow=\"accelerometer; autoplay; clipboard-write; encrypted-media; gyroscope; picture-in-picture; web-share\" referrerpolicy=\"strict-origin-when-cross-origin\" allowfullscreen></iframe>"
  },
  {
    "id": "3",
    "name": "The Last of Us",
    "image": "/images/lastofus1.jpg",
    "category": "Action-Adventure",
    "rating": 4.9,
    "description": "The Last of Us is een post-apocalyptisch verhaal over overleven en menselijkheid.",
    "details": {
      "over": "Volg Joel en Ellie in een gevaarlijke wereld vol geïnfecteerden en vijanden.",
      "gameplay": "Stealth, schieten, verkennen en een emotioneel verhaal.",
      "leeftijd": "18+"
    },
    "maker": "Naughty Dog",
    "releaseDate": "2013-06-14",
    "platforms": ["PlayStation 3", "PlayStation 4", "PlayStation 5"],
    "multiplayer": false,
    "price": "€39,99",
    "extendedGameplay": "Bekend om zijn diepgaande verhaal, realistische personages en tense gameplay met resource management.",
    "trailerEmbed": "<iframe width=\"1236\" height=\"695\" src=\"https://www.youtube.com/embed/R2Ebc_OFeug\" title=\"The Last of Us Part I - Launch Trailer | PS5 Games\" frameborder=\"0\" allow=\"accelerometer; autoplay; clipboard-write; encrypted-media; gyroscope; picture-in-picture; web-share\" referrerpolicy=\"strict-origin-when-cross-origin\" allowfullscreen></iframe>"
  },
  {
    "id": "4",
    "name": "The Last of Us Part II",
    "image": "/images/lastofus2.jpg",
    "category": "Action-Adventure",
    "rating": 4.7,
    "description": "Het vervolg op The Last of Us met een nog uitgebreider verhaal en geavanceerde gameplay.",
    "details": {
      "over": "Ellie's verhaal van wraak en overleven in een gevaarlijke wereld.",
      "gameplay": "Verbeterde stealth, combat en openere omgevingen.",
      "leeftijd": "18+"
    },
    "maker": "Naughty Dog",
    "releaseDate": "2020-06-19",
    "platforms": ["PlayStation 4", "PlayStation 5"],
    "multiplayer": false,
    "price": "€59,99",
    "extendedGameplay": "Biedt een emotioneel diep verhaal, verbeterde AI en meer keuzemogelijkheden in stealth en gevechten.",
    "trailerEmbed": "<iframe width=\"1236\" height=\"695\" src=\"https://www.youtube.com/embed/-llaUBqovHw\" title=\"The Last of Us Part II Remastered - Launch Trailer | PS5 Games\" frameborder=\"0\" allow=\"accelerometer; autoplay; clipboard-write; encrypted-media; gyroscope; picture-in-picture; web-share\" referrerpolicy=\"strict-origin-when-cross-origin\" allowfullscreen></iframe>"
  },
  {
    "id": "5",
    "name": "God of War (2018)",
    "image": "/images/godofwar.jpg",
    "category": "Action-Adventure",
    "rating": 4.8,
    "description": "God of War volgt Kratos en zijn zoon Atreus in een Noorse mythologische setting.",
    "details": {
      "over": "Een episch avontuur vol gevechten en een ontroerend vader-zoon verhaal.",
      "gameplay": "Hack-and-slash gevechten, verkenning en RPG-elementen.",
      "leeftijd": "18+"
    },
    "maker": "Santa Monica Studio",
    "releaseDate": "2018-04-20",
    "platforms": ["PlayStation 4", "PlayStation 5", "PC"],
    "multiplayer": false,
    "price": "€39,99",
    "extendedGameplay": "Combines intense combat with exploration, puzzle solving and a compelling narrative.",
    "trailerEmbed": "<iframe width=\"1236\" height=\"695\" src=\"https://www.youtube.com/embed/K0u_kAWLJOA\" title=\"God of War – Story Trailer | PS4\" frameborder=\"0\" allow=\"accelerometer; autoplay; clipboard-write; encrypted-media; gyroscope; picture-in-picture; web-share\" referrerpolicy=\"strict-origin-when-cross-origin\" allowfullscreen></iframe>"
  },
  {
    "id": "6",
    "name": "God of War Ragnarök",
    "image": "/images/godofwarragnarok.jpg",
    "category": "Action-Adventure",
    "rating": 4.9,
    "description": "Het vervolg op God of War (2018), waarin Kratos en Atreus de apocalyps van de Noorse mythologie tegemoet gaan.",
    "details": {
      "over": "Strijd tegen goden en monsters terwijl het lot van de wereld op het spel staat.",
      "gameplay": "Verbeterde combat, grote open werelden en verhaalgedreven missies.",
      "leeftijd": "18+"
    },
    "maker": "Santa Monica Studio",
    "releaseDate": "2022-11-09",
    "platforms": ["PlayStation 4", "PlayStation 5"],
    "multiplayer": false,
    "price": "€69,99",
    "extendedGameplay": "Biedt uitgebreide RPG-mechanieken, een episch verhaal en verbeterde graphics.",
    "trailerEmbed": "<iframe width=\"1236\" height=\"695\" src=\"https://www.youtube.com/embed/hfJ4Km46A-0\" title=\"God of War Ragnarök - State of Play Sep 2022 Story Trailer | PS5 &amp; PS4 Games\" frameborder=\"0\" allow=\"accelerometer; autoplay; clipboard-write; encrypted-media; gyroscope; picture-in-picture; web-share\" referrerpolicy=\"strict-origin-when-cross-origin\" allowfullscreen></iframe>"
  },
  {
    "id": "7",
    "name": "Expedition 33",
    "image": "/images/expedition33.jpg",
    "category": "Simulation",
    "rating": 4.0,
    "description": "Expedition 33 is een simulatiegame over het leven en werken op het internationale ruimtestation ISS.",
    "details": {
      "over": "Ervaar het dagelijkse leven in de ruimte met wetenschappelijke experimenten en onderhoudstaken.",
      "gameplay": "Simulatie, management en realistische scenario's.",
      "leeftijd": "12+"
    },
    "maker": "SpaceSim Studios",
    "releaseDate": "2019-03-15",
    "platforms": ["PC"],
    "multiplayer": false,
    "price": "€19,99",
    "extendedGameplay": "Biedt een realistische simulatie van astronautenwerk met educatieve elementen.",
    "trailerEmbed": "<iframe width=\"1236\" height=\"695\" src=\"https://www.youtube.com/embed/-qgOZDRDynw\" title=\"Clair Obscur: Expedition 33 - Reveal Trailer | PS5 Games\" frameborder=\"0\" allow=\"accelerometer; autoplay; clipboard-write; encrypted-media; gyroscope; picture-in-picture; web-share\" referrerpolicy=\"strict-origin-when-cross-origin\" allowfullscreen></iframe>"
  },
  {
    "id": "9",
    "name": "Uncharted: Drake's Fortune",
    "image": "/images/uncharted1.jpg",
    "category": "Action-Adventure",
    "rating": 4.5,
    "description": "Uncharted 1 is het eerste deel in de avonturenserie van schattenjager Nathan Drake.",
    "details": {
      "over": "Volg Nathan Drake op zijn zoektocht naar de verloren schat van El Dorado.",
      "gameplay": "Platformen, schieten en puzzels oplossen.",
      "leeftijd": "16+"
    },
    "maker": "Naughty Dog",
    "releaseDate": "2007-11-19",
    "platforms": ["PlayStation 3", "PlayStation 4"],
    "multiplayer": false,
    "price": "€19,99",
    "extendedGameplay": "Combineert een verhaalgedreven avontuur met actie en puzzels.",
    "trailerEmbed": "<iframe width=\"1236\" height=\"695\" src=\"https://www.youtube.com/embed/E9dqi2fmnFw\" title=\"Uncharted Drakes Fortune Trailer HD\" frameborder=\"0\" allow=\"accelerometer; autoplay; clipboard-write; encrypted-media; gyroscope; picture-in-picture; web-share\" referrerpolicy=\"strict-origin-when-cross-origin\" allowfullscreen></iframe>"
  },
  {
    "id": "18",
    "name": "Uncharted 2: Among Thieves",
    "image": "/images/uncharted2.jpg",
    "category": "Action-Adventure",
    "rating": 4.8,
    "description": "Nathan Drake zoekt naar de mythische Shambhala terwijl hij vijanden ontwijkt en puzzels oplost.",
    "details": {
      "over": "Een episch avontuur met spectaculaire setpieces en meeslepende verhaallijn.",
      "gameplay": "Cover-gebaseerde schietactie, platformelementen en puzzels.",
      "leeftijd": "16+"
    },
    "maker": "Naughty Dog",
    "releaseDate": "2009-10-13",
    "platforms": ["PlayStation 3", "PlayStation 4", "PlayStation 5"],
    "multiplayer": true,
    "price": "€29,99",
    "extendedGameplay": "Biedt een mix van actie, stealth en verkenning met een verhaal gedreven gameplay.",
    "trailerEmbed": "<iframe width=\"1236\" height=\"695\" src=\"https://www.youtube.com/embed/tlkkceDkT88\" title=\"UNCHARTED 2 - E3 Trailer\" frameborder=\"0\" allow=\"accelerometer; autoplay; clipboard-write; encrypted-media; gyroscope; picture-in-picture; web-share\" referrerpolicy=\"strict-origin-when-cross-origin\" allowfullscreen></iframe>"
  },
  {
    "id": "19",
    "name": "Uncharted 3: Drake's Deception",
    "image": "/images/uncharted3.jpg",
    "category": "Action-Adventure",
    "rating": 4.5,
    "description": "Nathan Drake gaat op zoek naar de verloren stad Iram en ontdekt geheimen uit het verleden.",
    "details": {
      "over": "Volg Nathan in zijn meest persoonlijke avontuur tot nu toe.",
      "gameplay": "Actie, platformen en coöperatieve multiplayer.",
      "leeftijd": "16+"
    },
    "maker": "Naughty Dog",
    "releaseDate": "2011-11-01",
    "platforms": ["PlayStation 3", "PlayStation 4"],
    "multiplayer": true,
    "price": "€29,99",
    "extendedGameplay": "Een verbeterde multiplayer ervaring met nieuwe wapens en modi.",
    "trailerEmbed": "<iframe width=\"1236\" height=\"695\" src=\"https://www.youtube.com/embed/DHHcM6aHPnE\" title=\"Uncharted 3: Drake&#39;s Deception Trailer\" frameborder=\"0\" allow=\"accelerometer; autoplay; clipboard-write; encrypted-media; gyroscope; picture-in-picture; web-share\" referrerpolicy=\"strict-origin-when-cross-origin\" allowfullscreen></iframe>"
  },
  {
    "id": "20",
    "name": "Uncharted 4: A Thief's End",
    "image": "/images/uncharted4.jpg",
    "category": "Action-Adventure",
    "rating": 4.9,
    "description": "Nathan Drake keert terug uit pensioen voor een laatste avontuur vol piraten, schatten en gevaar.",
    "details": {
      "over": "Een emotioneel verhaal met verbluffende graphics en gameplay.",
      "gameplay": "Verkenning, stealth, gevechten en puzzels.",
      "leeftijd": "16+"
    },
    "maker": "Naughty Dog",
    "releaseDate": "2016-05-10",
    "platforms": ["PlayStation 4"],
    "multiplayer": true,
    "price": "€39,99",
    "extendedGameplay": "Uitgebreide singleplayer en multiplayer met innovatieve gameplay mechanics.",
    "trailerEmbed": "<iframe width=\"1236\" height=\"695\" src=\"https://www.youtube.com/embed/hh5HV4iic1Y\" title=\"UNCHARTED 4: A Thief&#39;s End (5/10/2016) - Story Trailer | PS4\" frameborder=\"0\" allow=\"accelerometer; autoplay; clipboard-write; encrypted-media; gyroscope; picture-in-picture; web-share\" referrerpolicy=\"strict-origin-when-cross-origin\" allowfullscreen></iframe>"
  },
  {
    "id": "21",
    "name": "Neightrain",
    "image": "/images/neightrain.jpg",
    "category": "Indie",
    "rating": 4.3,
    "description": "Een indiegame met een unieke stijl en verhaal, over reizen en zelfontdekking.",
    "details": {
      "over": "Verken surrealistische werelden op een trein vol verrassingen.",
      "gameplay": "Avontuur met puzzels en verhalende elementen.",
      "leeftijd": "12+"
    },
    "maker": "Indie Studio",
    "releaseDate": "2020-03-15",
    "platforms": ["PC"],
    "multiplayer": false,
    "price": "€14,99",
    "extendedGameplay": "Combineert mysterie, puzzels en kunstzinnige visuals."
  },
  {
    "id": "23",
    "name": "Astro Bot Rescue Mission",
    "image": "/images/astrobot.jpg",
    "category": "Platformer",
    "rating": 4.7,
    "description": "Een charmante 3D platformgame exclusief voor VR, waarin je een robot helpt zijn vrienden te redden.",
    "details": {
      "over": "Unieke VR-ervaring met creatieve levels en gameplay.",
      "gameplay": "Platformen, puzzels en verkenning met VR-interactie.",
      "leeftijd": "7+"
    },
    "maker": "Japan Studio",
    "releaseDate": "2018-10-02",
    "platforms": ["PlayStation VR"],
    "multiplayer": false,
    "price": "€39,99",
    "extendedGameplay": "Een innovatieve VR platformgame met uitstekende design en humor.",
    "trailerEmbed": "<iframe width=\"1236\" height=\"695\" src=\"https://www.youtube.com/embed/gOqWdznjzy0\" title=\"ASTRO BOT Rescue Mission – Launch Trailer | PS VR\" frameborder=\"0\" allow=\"accelerometer; autoplay; clipboard-write; encrypted-media; gyroscope; picture-in-picture; web-share\" referrerpolicy=\"strict-origin-when-cross-origin\" allowfullscreen></iframe>"
  },
  {
    "id": "24",
    "name": "Five Nights at Freddy's",
    "image": "/images/fnaf.jpg",
    "category": "Horror",
    "rating": 4.2,
    "description": "Een horror survival game waarin je als nachtwaker moet overleven in een pizzeria met geanimeerde robots.",
    "details": {
      "over": "Overleef vijf nachten in een pizzeria met gevaarlijke animatronics.",
      "gameplay": "Survival horror, resource management en strategisch denken.",
      "leeftijd": "16+"
    },
    "maker": "Scott Cawthon",
    "releaseDate": "2014-08-08",
    "platforms": ["PC", "Mobile", "PlayStation", "Xbox", "Nintendo Switch"],
    "multiplayer": false,
    "price": "€4,99",
    "extendedGameplay": "Een intense horror ervaring met unieke gameplay mechanics en een mysterieus verhaal.",
    "trailerEmbed": "<iframe width=\"927\" height=\"695\" src=\"https://www.youtube.com/embed/RP4UTOek0-Y\" title=\"Five Nights at Freddy&#39;s\" frameborder=\"0\" allow=\"accelerometer; autoplay; clipboard-write; encrypted-media; gyroscope; picture-in-picture; web-share\" referrerpolicy=\"strict-origin-when-cross-origin\" allowfullscreen></iframe>"
  },
  {
    "id": "25",
    "name": "Hogwarts Legacy",
    "image": "/images/hogwartslegacy.jpg",
    "category": "RPG",
    "rating": 4.6,
    "description": "Een open-wereld RPG die zich afspeelt in de Harry Potter-universum, honderden jaren voor de gebeurtenissen in de boeken.",
    "details": {
      "over": "Verken de magische wereld van Harry Potter in een nieuw tijdperk.",
      "gameplay": "Open wereld, toveren, beesten verzorgen en verhaalgedreven missies.",
      "leeftijd": "12+"
    },
    "maker": "Avalanche Software",
    "releaseDate": "2023-02-10",
    "platforms": ["PC", "PlayStation 5", "Xbox Series X/S"],
    "multiplayer": false,
    "price": "€69,99",
    "extendedGameplay": "Een uitgebreide RPG met magische gevechten, toveren leren en het verkennen van de magische wereld.",
    "trailerEmbed": "<iframe width=\"1236\" height=\"695\" src=\"https://www.youtube.com/embed/1O6Qstncpnc\" title=\"Hogwarts Legacy - Official Reveal Trailer | PS5\" frameborder=\"0\" allow=\"accelerometer; autoplay; clipboard-write; encrypted-media; gyroscope; picture-in-picture; web-share\" referrerpolicy=\"strict-origin-when-cross-origin\" allowfullscreen></iframe>"
  },
  {
    "id": "26",
    "name": "Cyberpunk 2077",
    "image": "/images/cyberpunk2077.jpg",
    "category": "RPG",
    "rating": 4.3,
    "description": "Een open-wereld RPG in een dystopische toekomst, ontwikkeld door CD Projekt RED.",
    "details": {
      "over": "Verken de nachtstad Night City als V, een huurling op zoek naar onsterfelijkheid.",
      "gameplay": "Open wereld, karakterontwikkeling, keuzes en gevechten.",
      "leeftijd": "18+"
    },
    "maker": "CD Projekt RED",
    "releaseDate": "2020-12-10",
    "platforms": ["PC", "PlayStation", "Xbox"],
    "multiplayer": false,
    "price": "€59,99",
    "extendedGameplay": "Een diepe RPG met uitgebreide karaktercustomization, keuzes die het verhaal beïnvloeden en een levendige open wereld.",
    "trailerEmbed": "<iframe width=\"1236\" height=\"695\" src=\"https://www.youtube.com/embed/8X2kIfS6fb8\" title=\"Cyberpunk 2077 — Official E3 2018 Trailer\" frameborder=\"0\" allow=\"accelerometer; autoplay; clipboard-write; encrypted-media; gyroscope; picture-in-picture; web-share\" referrerpolicy=\"strict-origin-when-cross-origin\" allowfullscreen></iframe>"
  },
  {
    "id": "27",
    "name": "Apex Legends",
    "image": "/images/apexlegends.jpg",
    "category": "Battle Royale",
    "rating": 4.4,
    "description": "Een free-to-play battle royale shooter met unieke karakters en teamgebaseerde gameplay.",
    "details": {
      "over": "Strijd in teams van drie met unieke karakters in een futuristische battle royale.",
      "gameplay": "Teamgebaseerde shooter met karaktervaardigheden en snelle gameplay.",
      "leeftijd": "16+"
    },
    "maker": "Respawn Entertainment",
    "releaseDate": "2019-02-04",
    "platforms": ["PC", "PlayStation", "Xbox", "Nintendo Switch", "Mobile"],
    "multiplayer": true,
    "price": "Gratis (met in-game aankopen)",
    "extendedGameplay": "Een innovatieve battle royale met unieke karakters, teamgebaseerde strategie en snelle gevechten.",
    "trailerEmbed": "<iframe width=\"1236\" height=\"695\" src=\"https://www.youtube.com/embed/oQtHENM_GZU\" title=\"Apex Legends - Official Cinematic Launch Trailer\" frameborder=\"0\" allow=\"accelerometer; autoplay; clipboard-write; encrypted-media; gyroscope; picture-in-picture; web-share\" referrerpolicy=\"strict-origin-when-cross-origin\" allowfullscreen></iframe>"
  },
  {
    "id": "28",
    "name": "Stardew Valley",
    "image": "/images/stardewvalley.jpg",
    "category": "Simulation",
    "rating": 4.8,
    "description": "Een charmante landbouw- en levenssimulatie game met RPG-elementen.",
    "details": {
      "over": "Erf een vervallen boerderij en bouw deze uit tot een bloeiend bedrijf.",
      "gameplay": "Landbouw, mijnbouw, vissen, sociale interactie en verkenning.",
      "leeftijd": "7+"
    },
    "maker": "ConcernedApe",
    "releaseDate": "2016-02-26",
    "platforms": ["PC", "PlayStation", "Xbox", "Nintendo Switch", "Mobile"],
    "multiplayer": true,
    "price": "€14,99",
    "extendedGameplay": "Een diepe simulatie game met eindeloze mogelijkheden voor creativiteit en ontdekking.",
    "trailerEmbed": "<iframe width=\"1236\" height=\"695\" src=\"https://www.youtube.com/embed/ot7uXNQskhs\" title=\"Stardew Valley Trailer\" frameborder=\"0\" allow=\"accelerometer; autoplay; clipboard-write; encrypted-media; gyroscope; picture-in-picture; web-share\" referrerpolicy=\"strict-origin-when-cross-origin\" allowfullscreen></iframe>"
  },
  {
    "id": "29",
    "name": "Resident Evil Village",
    "image": "/images/residentevilvillage.jpg",
    "category": "Horror",
    "rating": 4.7,
    "description": "Het achtste hoofdstuk in de Resident Evil-serie, met een nieuwe setting en verhaal.",
    "details": {
      "over": "Volg Ethan Winters in zijn zoektocht naar zijn dochter in een mysterieus dorp.",
      "gameplay": "Survival horror, resource management en actie.",
      "leeftijd": "18+"
    },
    "maker": "Capcom",
    "releaseDate": "2021-05-07",
    "platforms": ["PC", "PlayStation", "Xbox"],
    "multiplayer": false,
    "price": "€59,99",
    "extendedGameplay": "Een intense horror ervaring met actie-elementen en een meeslepend verhaal.",
    "trailerEmbed": "<iframe width=\"1236\" height=\"695\" src=\"https://www.youtube.com/embed/CNpIfP4vtrE\" title=\"Resident Evil Village - Official Story Trailer (4K)\" frameborder=\"0\" allow=\"accelerometer; autoplay; clipboard-write; encrypted-media; gyroscope; picture-in-picture; web-share\" referrerpolicy=\"strict-origin-when-cross-origin\" allowfullscreen></iframe>"
  },
  {
    "id": "30",
    "name": "Ghost of Tsushima",
    "image": "/images/ghostoftsushima.jpg",
    "category": "Action-Adventure",
    "rating": 4.8,
    "description": "Een open-wereld actie-avontuur dat zich afspeelt tijdens de Mongoolse invasie van Japan.",
    "details": {
      "over": "Volg Jin Sakai in zijn strijd om Tsushima te bevrijden van de Mongoolse invasie.",
      "gameplay": "Open wereld, stealth, gevechten en verkenning.",
      "leeftijd": "18+"
    },
    "maker": "Sucker Punch Productions",
    "releaseDate": "2020-07-17",
    "platforms": ["PlayStation 4", "PlayStation 5"],
    "multiplayer": true,
    "price": "€59,99",
    "extendedGameplay": "Een meeslepend open-wereld avontuur met prachtige visuals en diepe combat mechanics.",
    "trailerEmbed": "<iframe width=\"1236\" height=\"695\" src=\"https://www.youtube.com/embed/iqysmS4lxwQ\" title=\"Ghost of Tsushima - Official Trailer | The Game Awards\" frameborder=\"0\" allow=\"accelerometer; autoplay; clipboard-write; encrypted-media; gyroscope; picture-in-picture; web-share\" referrerpolicy=\"strict-origin-when-cross-origin\" allowfullscreen></iframe>"
  },
  {
    "id": "31",
    "name": "Super Mario Odyssey",
    "image": "/images/marioodyssey.jpg",
    "category": "Platformer",
    "rating": 4.9,
    "description": "Mario's 3D platform-avontuur door verschillende werelden om Princess Peach te redden.",
    "details": {
      "over": "Reis met je hoedenvriend Cappy en ontdek geheimen in elke wereld.",
      "gameplay": "Platforming, puzzels, en creatief gebruik van krachten.",
      "leeftijd": "7+"
    },
    "maker": "Nintendo",
    "releaseDate": "2017-10-27",
    "platforms": ["Nintendo Switch"],
    "multiplayer": true,
    "price": "€59,99",
    "extendedGameplay": "Veel post-game content en verzamelobjecten zorgen voor lange speeltijd.",
    "trailerEmbed": "<iframe width=\"1236\" height=\"695\" src=\"https://www.youtube.com/embed/wGQHQc_3ycE\" title=\"Super Mario Odyssey - Game Trailer - Nintendo E3 2017\" frameborder=\"0\" allow=\"accelerometer; autoplay; clipboard-write; encrypted-media; gyroscope; picture-in-picture; web-share\" referrerpolicy=\"strict-origin-when-cross-origin\" allowfullscreen></iframe>"
  },
  {
    "id": "32",
    "name": "Hollow Knight",
    "image": "/images/hollowknight.jpg",
    "category": "Metroidvania",
    "rating": 4.7,
    "description": "Een prachtige en uitdagende 2D-platformgame vol mysterie.",
    "details": {
      "over": "Verken een ondergrondse wereld vol insecten en geheimen.",
      "gameplay": "Platforming, combat, en een grote open wereld met upgrades.",
      "leeftijd": "9+"
    },
    "maker": "Team Cherry",
    "releaseDate": "2017-02-24",
    "platforms": ["PC", "PlayStation", "Xbox", "Switch"],
    "multiplayer": false,
    "price": "€14,99",
    "extendedGameplay": "Diepe lore, uitdagende baasgevechten en veel geheimen om te ontdekken.",
    "trailerEmbed": "<iframe width=\"1236\" height=\"695\" src=\"https://www.youtube.com/embed/UAO2urG23S4?list=RDUAO2urG23S4\" title=\"Hollow Knight - Release Trailer\" frameborder=\"0\" allow=\"accelerometer; autoplay; clipboard-write; encrypted-media; gyroscope; picture-in-picture; web-share\" referrerpolicy=\"strict-origin-when-cross-origin\" allowfullscreen></iframe>"
  },
  {
    "id": "33",
    "name": "It Takes Two",
    "image": "/images/ittakestwo.jpg",
    "category": "Co-op Adventure",
    "rating": 4.9,
    "description": "Een uniek co-op spel waarin twee spelers samenwerken om een gebroken relatie te helen.",
    "details": {
      "over": "Twee poppetjes reizen door creatieve levels met samenwerking als sleutel.",
      "gameplay": "Platforming, puzzels en variatie in mechanics per level.",
      "leeftijd": "12+"
    },
    "maker": "Hazelight Studios",
    "releaseDate": "2021-03-26",
    "platforms": ["PC", "PlayStation", "Xbox"],
    "multiplayer": true,
    "price": "€39,99",
    "extendedGameplay": "Gemaakt voor twee spelers, met slimme co-op gameplay en humor.",
    "trailerEmbed": "<iframe width=\"1236\" height=\"695\" src=\"https://www.youtube.com/embed/ohClxMmNLQQ\" title=\"It Takes Two Official Reveal Trailer\" frameborder=\"0\" allow=\"accelerometer; autoplay; clipboard-write; encrypted-media; gyroscope; picture-in-picture; web-share\" referrerpolicy=\"strict-origin-when-cross-origin\" allowfullscreen></iframe>"
  },
  {
    "id": "34",
    "name": "Detroit: Become Human",
    "image": "/images/detroit.jpg",
    "category": "Interactive Drama",
    "rating": 4.6,
    "description": "Een futuristisch verhaal over androids met keuzes die het verhaal drastisch beïnvloeden.",
    "details": {
      "over": "Volg drie androids met unieke verhaallijnen in een wereld waar AI realiteit is.",
      "gameplay": "Keuzes, quick-time events en verhalende gameplay.",
      "leeftijd": "16+"
    },
    "maker": "Quantic Dream",
    "releaseDate": "2018-05-25",
    "platforms": ["PC", "PlayStation"],
    "multiplayer": false,
    "price": "€29,99",
    "extendedGameplay": "Elk personage kan sterven of overleven, wat tot meerdere eindes leidt.",
    "trailerEmbed": "<iframe width=\"1236\" height=\"695\" src=\"https://www.youtube.com/embed/8a-EObAhYrg\" title=\"Detroit: Become Human – Launch Trailer | PS4\" frameborder=\"0\" allow=\"accelerometer; autoplay; clipboard-write; encrypted-media; gyroscope; picture-in-picture; web-share\" referrerpolicy=\"strict-origin-when-cross-origin\" allowfullscreen></iframe>"
  } 
]